{
 "Device" : "GW2A-55C",
 "Files" : [
  {
   "Path" : "F:/fm/fm_0911/src/QPSK_mod.v",
   "Type" : "verilog"
  },
  {
   "Path" : "F:/fm/fm_0911/src/audio/audio_driver_pack/audio_driver_gowin.vp",
   "Type" : "verilog"
  },
  {
   "Path" : "F:/fm/fm_0911/src/audio/sd_driver_pack/sd_driver_gowin.vp",
   "Type" : "verilog"
  },
  {
   "Path" : "F:/fm/fm_0911/src/clk_pll_pack/clk_pll_gowin.vp",
   "Type" : "verilog"
  },
  {
   "Path" : "F:/fm/fm_0911/src/dac_out_pack/dac_out_gowin.vp",
   "Type" : "verilog"
  },
  {
   "Path" : "F:/fm/fm_0911/src/eth_top_pack/eth_top_gowin.vp",
   "Type" : "verilog"
  },
  {
   "Path" : "F:/fm/fm_0911/src/fm_mod_demod/dds_ii/dds_ii.v",
   "Type" : "verilog"
  },
  {
   "Path" : "F:/fm/fm_0911/src/fm_mod_demod/filter_80k_lp.v",
   "Type" : "verilog"
  },
  {
   "Path" : "F:/fm/fm_0911/src/fm_mod_demod/fm_decode.v",
   "Type" : "verilog"
  },
  {
   "Path" : "F:/fm/fm_0911/src/fm_mod_demod/gowin_mult.v",
   "Type" : "verilog"
  },
  {
   "Path" : "F:/fm/fm_0911/src/fm_mod_demod/gowin_mult_r.v",
   "Type" : "verilog"
  },
  {
   "Path" : "F:/fm/fm_0911/src/fm_mod_demod/integer_division.v",
   "Type" : "verilog"
  },
  {
   "Path" : "F:/fm/fm_0911/src/fm_top.v",
   "Type" : "verilog"
  },
  {
   "Path" : "F:/fm/fm_0911/src/rf_tx_rx/RF_rx_top_pack/RF_rx_top_gowin.vp",
   "Type" : "verilog"
  },
  {
   "Path" : "F:/fm/fm_0911/src/rf_tx_rx/RF_rx_top_pack/RF_rx_top_sim.v",
   "Type" : "verilog"
  },
  {
   "Path" : "F:/fm/fm_0911/src/rf_tx_rx/RF_spi_pack/RF_spi_gowin.vp",
   "Type" : "verilog"
  },
  {
   "Path" : "F:/fm/fm_0911/src/rf_tx_rx/RF_tx_top_pack/RF_tx_top_gowin.vp",
   "Type" : "verilog"
  },
  {
   "Path" : "F:/fm/fm_0911/src/rf_tx_rx/channel_select_pack/channel_select_gowin.vp",
   "Type" : "verilog"
  },
  {
   "Path" : "F:/fm/fm_0911/src/sin_cos.v",
   "Type" : "verilog"
  },
  {
   "Path" : "F:/fm/fm_0911/src/uart_pack/uart_gowin.vp",
   "Type" : "verilog"
  },
  {
   "Path" : "F:/fm/fm_0911/src/uart_pack/urat_tx.v",
   "Type" : "verilog"
  },
  {
   "Path" : "F:/fm/fm_0911/src/arp.v",
   "Type" : "verilog"
  },
  {
   "Path" : "F:/fm/fm_0911/src/arp_rx.v",
   "Type" : "verilog"
  },
  {
   "Path" : "F:/fm/fm_0911/src/arp_tx.v",
   "Type" : "verilog"
  },
  {
   "Path" : "F:/fm/fm_0911/src/crc32_d8.v",
   "Type" : "verilog"
  },
  {
   "Path" : "F:/fm/fm_0911/src/eth_ctrl.v",
   "Type" : "verilog"
  },
  {
   "Path" : "F:/fm/fm_0911/src/eth_udp_loop.v",
   "Type" : "verilog"
  },
  {
   "Path" : "F:/fm/fm_0911/src/flow_led.v",
   "Type" : "verilog"
  },
  {
   "Path" : "F:/fm/fm_0911/src/gmii_to_rgmii.v",
   "Type" : "verilog"
  },
  {
   "Path" : "F:/fm/fm_0911/src/icmp.v",
   "Type" : "verilog"
  },
  {
   "Path" : "F:/fm/fm_0911/src/icmp_rx.v",
   "Type" : "verilog"
  },
  {
   "Path" : "F:/fm/fm_0911/src/icmp_tx.v",
   "Type" : "verilog"
  },
  {
   "Path" : "F:/fm/fm_0911/src/rgmii_rx.v",
   "Type" : "verilog"
  },
  {
   "Path" : "F:/fm/fm_0911/src/rgmii_tx.v",
   "Type" : "verilog"
  },
  {
   "Path" : "F:/fm/fm_0911/src/udp.v",
   "Type" : "verilog"
  },
  {
   "Path" : "F:/fm/fm_0911/src/udp_rx.v",
   "Type" : "verilog"
  },
  {
   "Path" : "F:/fm/fm_0911/src/udp_tx.v",
   "Type" : "verilog"
  }
 ],
 "IncludePath" : [

 ],
 "LoopLimit" : 2000,
 "ResultFile" : "F:/fm/fm_0911/impl/temp/rtl_parser.result",
 "Top" : "fm_top",
 "VerilogStd" : "verilog_2001",
 "VhdlStd" : "vhdl_93"
}