<?xml version="1.0" encoding="UTF-8"?>
<Module name="fm_top" Register="1194" Alu="80" Lut="1013" MULT18X18="1" T_Register="4416(1194)" T_Alu="2241(80)" T_Lut="2985(1013)" T_MULT9X9="4(0)" T_MULT18X18="32(1)" T_Bsram="19(0)" T_Ssram="5(0)">
 <SubModule name="clk_pll_inst0"/>
 <SubModule name="audio_driver_inst0" Register="80" Alu="14" Lut="148" T_Register="80(80)" T_Alu="14(14)" T_Lut="148(148)"/>
 <SubModule name="sd_driver_inst0" Register="453" Alu="89" Lut="687" Bsram="1" Ssram="3" T_Register="453(453)" T_Alu="89(89)" T_Lut="687(687)" T_Bsram="1(1)" T_Ssram="3(3)"/>
 <SubModule name="dds" Register="545" Alu="64" Lut="247" Bsram="3" T_Register="545(545)" T_Alu="64(64)" T_Lut="247(247)" T_Bsram="3(3)"/>
 <SubModule name="fm_demod_inst0" Register="110" Alu="32" Lut="32" T_Register="884(110)" T_Alu="1976(32)" T_Lut="214(32)" T_MULT9X9="4(0)" T_MULT18X18="31(0)" T_Ssram="2(0)">
  <SubModule name="mult_1" MULT9X9="1" T_MULT9X9="1(1)"/>
  <SubModule name="mult_2" MULT9X9="1" T_MULT9X9="1(1)"/>
  <SubModule name="mult_3" MULT9X9="1" T_MULT9X9="1(1)"/>
  <SubModule name="mult_4" MULT9X9="1" T_MULT9X9="1(1)"/>
  <SubModule name="div" Register="66" Alu="1044" Lut="179" T_Register="66(66)" T_Alu="1044(1044)" T_Lut="179(179)"/>
  <SubModule name="filter" Register="708" Alu="900" Lut="3" Ssram="2" T_Register="708(708)" T_Alu="900(900)" T_Lut="3(3)" T_MULT18X18="31(0)" T_Ssram="2(2)">
   <SubModule name="mul0_ins" MULT18X18="1" T_MULT18X18="1(1)"/>
   <SubModule name="mul1_ins" MULT18X18="1" T_MULT18X18="1(1)"/>
   <SubModule name="mul2_ins" MULT18X18="1" T_MULT18X18="1(1)"/>
   <SubModule name="mul3_ins" MULT18X18="1" T_MULT18X18="1(1)"/>
   <SubModule name="mul4_ins" MULT18X18="1" T_MULT18X18="1(1)"/>
   <SubModule name="mul5_ins" MULT18X18="1" T_MULT18X18="1(1)"/>
   <SubModule name="mul6_ins" MULT18X18="1" T_MULT18X18="1(1)"/>
   <SubModule name="mul7_ins" MULT18X18="1" T_MULT18X18="1(1)"/>
   <SubModule name="mul8_ins" MULT18X18="1" T_MULT18X18="1(1)"/>
   <SubModule name="mul9_ins" MULT18X18="1" T_MULT18X18="1(1)"/>
   <SubModule name="mul10_ins" MULT18X18="1" T_MULT18X18="1(1)"/>
   <SubModule name="mul11_ins" MULT18X18="1" T_MULT18X18="1(1)"/>
   <SubModule name="mul12_ins" MULT18X18="1" T_MULT18X18="1(1)"/>
   <SubModule name="mul13_ins" MULT18X18="1" T_MULT18X18="1(1)"/>
   <SubModule name="mul14_ins" MULT18X18="1" T_MULT18X18="1(1)"/>
   <SubModule name="mul15_ins" MULT18X18="1" T_MULT18X18="1(1)"/>
   <SubModule name="mul16_ins" MULT18X18="1" T_MULT18X18="1(1)"/>
   <SubModule name="mul17_ins" MULT18X18="1" T_MULT18X18="1(1)"/>
   <SubModule name="mul18_ins" MULT18X18="1" T_MULT18X18="1(1)"/>
   <SubModule name="mul19_ins" MULT18X18="1" T_MULT18X18="1(1)"/>
   <SubModule name="mul20_ins" MULT18X18="1" T_MULT18X18="1(1)"/>
   <SubModule name="mul21_ins" MULT18X18="1" T_MULT18X18="1(1)"/>
   <SubModule name="mul22_ins" MULT18X18="1" T_MULT18X18="1(1)"/>
   <SubModule name="mul23_ins" MULT18X18="1" T_MULT18X18="1(1)"/>
   <SubModule name="mul24_ins" MULT18X18="1" T_MULT18X18="1(1)"/>
   <SubModule name="mul25_ins" MULT18X18="1" T_MULT18X18="1(1)"/>
   <SubModule name="mul26_ins" MULT18X18="1" T_MULT18X18="1(1)"/>
   <SubModule name="mul27_ins" MULT18X18="1" T_MULT18X18="1(1)"/>
   <SubModule name="mul28_ins" MULT18X18="1" T_MULT18X18="1(1)"/>
   <SubModule name="mul29_ins" MULT18X18="1" T_MULT18X18="1(1)"/>
   <SubModule name="mul30_ins" MULT18X18="1" T_MULT18X18="1(1)"/>
  </SubModule>
 </SubModule>
 <SubModule name="dac_out_inst" Register="46" Lut="17" T_Register="46(46)" T_Lut="17(17)"/>
 <SubModule name="gw_gao_inst_0" Register="1208" Alu="13" Lut="658" Bsram="14" T_Register="1208(1208)" T_Alu="13(13)" T_Lut="658(658)" T_Bsram="14(14)"/>
 <SubModule name="sin_cos_instr0" Register="6" Alu="5" Lut="1" Bsram="1" T_Register="6(6)" T_Alu="5(5)" T_Lut="1(1)" T_Bsram="1(1)"/>
</Module>
