<?xml version="1.0" encoding="UTF-8"?>
<Module name="RF_rx_top" T_Register="247(0)" T_Alu="10(0)" T_Lut="270(0)">
    <SubModule name="RF_rx_crtl_inst0" T_Register="61(0)" T_Alu="10(0)" T_Lut="179(0)">
        <SubModule name="rx24_ctl_ux" Register="27" Alu="5" Lut="93" T_Register="27(27)" T_Alu="5(5)" T_Lut="93(93)"/>
        <SubModule name="rx09_ctl_u_1" Register="34" Alu="5" Lut="86" T_Register="34(34)" T_Alu="5(5)" T_Lut="86(86)"/>
    </SubModule>
    <SubModule name="RF_rx_data_inst0" Register="16" Lut="15" T_Register="186(16)" T_Lut="91(15)">
        <SubModule name="sync_seartch_u09_1" Register="85" Lut="37" T_Register="85(85)" T_Lut="37(37)"/>
        <SubModule name="sync_seartch_ux" Register="85" Lut="39" T_Register="85(85)" T_Lut="39(39)"/>
    </SubModule>
</Module>
